<?xml version="1.0" encoding="UTF-8"?>
<!--
  ~ JBoss, Home of Professional Open Source.
  ~ Copyright 2010, Red Hat, Inc., and individual contributors
  ~ as indicated by the @author tags. See the copyright.txt file in the
  ~ distribution for a full listing of individual contributors.
  ~
  ~ This is free software; you can redistribute it and/or modify it
  ~ under the terms of the GNU Lesser General Public License as
  ~ published by the Free Software Foundation; either version 2.1 of
  ~ the License, or (at your option) any later version.
  ~
  ~ This software is distributed in the hope that it will be useful,
  ~ but WITHOUT ANY WARRANTY; without even the implied warranty of
  ~ MERCHANTABILITY or FITNESS FOR A PARTICULAR PURPOSE. See the GNU
  ~ Lesser General Public License for more details.
  ~
  ~ You should have received a copy of the GNU Lesser General Public
  ~ License along with this software; if not, write to the Free
  ~ Software Foundation, Inc., 51 Franklin St, Fifth Floor, Boston, MA
  ~ 02110-1301 USA, or see the FSF site: http://www.fsf.org.
  -->
<module name="org.jboss.as.process-controller" xmlns="urn:jboss:module:1.8">
    <properties>
        <property name="jboss.api" value="private"/>
        <property name="jboss.require-java-version" value="1.8"/>
    </properties>

    <exports>
        <exclude path="org/jboss/as/process/logging"/>
    </exports>

    <main-class name="org.jboss.as.process.Main"/>

    <resources>
        <resource-root path="wildfly-process-controller-11.1.1.Final.jar"/>
    </resources>

    <dependencies>
        <module name="java.logging"/>
        <module name="java.xml"/>
        <module name="org.wildfly.security.elytron-private" services="import"/>
        <module name="org.wildfly.common"/>
        <module name="org.jboss.as.version" export="true"/>
        <module name="org.jboss.logging"/>
        <module name="org.jboss.logmanager" services="import"/>
        <module name="org.jboss.marshalling"/>
        <module name="org.jboss.marshalling.river" services="import"/>
        <module name="org.jboss.modules"/>
        <module name="org.jboss.threads"/>
    </dependencies>
</module>
